Model,Rolling Window,R2,MSE,MAE,Directional Accuracy,Directional Up,Directional Down
unit2ts,5,-0.4889556750425015,0.0016151366761345228,0.02311067357030917,0.49499209789551485,0.8443926747580014,0.14739597697297627
unit2ts,21,-0.3135283396501513,0.001406560887786766,0.022151915959162105,0.49871626101363015,0.9826021636468267,0.017786430655757253
unit2ts,252,-0.2576325303921109,0.001315382496197135,0.022156995153531464,0.49821212806616244,0.9995735567862511,0.00026583350080273136
unit2ts,512,-0.25197973048814776,0.001312757671275884,0.02214291836759698,0.49832704351544777,0.999702843911535,0.00037715919614094215
