Model,Rolling Window,R2,MSE,MAE,Directional Accuracy,Directional Up,Directional Down
unit2ts,5,-0.46313619191963196,0.0016725210690957907,0.023219207239131127,0.4973384854068751,0.8448716961430729,0.14736791466184612
unit2ts,21,-0.29615065980671207,0.0014770426185841117,0.022251477032310025,0.5015497413862654,0.9828283451943045,0.017179151632767287
unit2ts,252,-0.2545070976969896,0.001406307144498027,0.022267056298229098,0.5014394849917357,0.9987909810304284,0.0011314125795125812
unit2ts,512,-0.24366196016656563,0.0013919008145458303,0.022149165986196973,0.5016127256825217,0.9990079844062084,0.0012660887509365509
